{
  "total_samples": 158135,
  "heavy_length": {
    "mean": 120.81148385872831,
    "min": 114,
    "max": 225
  },
  "light_length": {
    "mean": 201.0459116553242,
    "min": 103,
    "max": 221
  },
  "antigen_length": {
    "mean": 457.1859803332596,
    "min": 14,
    "max": 1283
  },
  "pKd": {
    "mean": 7.53612011499222,
    "min": 4.629419891294203e-06,
    "max": 12.429564160238897
  }
}